Model,Test Accuracy,Test AUC,F1 Score,Recall,Precision
Bagging Logistic Regression,0.563,0.6520607553366174,0.8709677419354839,0.8852459016393442,0.8571428571428571
Bagging Decision Tree,0.473,0.6112212643678162,0.8360655737704918,0.8360655737704918,0.8360655737704918
Bagging SVM,0.548,0.6867610837438423,0.8387096774193549,0.8524590163934426,0.8253968253968254
Bagging K-Nearest Neighbors,0.507,0.5417015599343186,0.8235294117647058,0.8032786885245902,0.8448275862068966
Bagging Artificial Neural Network (ANN),0.566,0.6811494252873563,0.8455284552845529,0.8524590163934426,0.8387096774193549
